<?xml version="1.0" encoding="UTF-8"?>
<!DOCTYPE properties SYSTEM "http://java.sun.com/dtd/properties.dtd">
<properties>
	<entry key="loginMember">
		SELECT *
		FROM MEMBER
		WHERE USER_ID = ? AND USER_PWD =? AND STATUS = 'Y'
	</entry>
	
	<entry key="insertMember">
		INSERT INTO MEMBER
				VALUES (SEQ_UNO.NEXTVAL
                            , ?
                            , ?
                            , ?
                            , ?
                            , ?
                            , ?
                            , ?
                            , SYSDATE
                            , SYSDATE
                            , DEFAULT)
	</entry>
	
	<entry key="userIdCheck">
		SELECT COUNT(*) COUNT
		FROM MEMBER
		WHERE USER_ID = ? AND STATUS = 'Y'
	</entry>
	
	<entry key="updateMember">
		UPDATE MEMBER
   			 SET USER_NAME = ?
      			  , PHONE = ?
      			  , EMAIL = ?
      			  , ADDRESS = ?
      			  , INTEREST = ?
      			  , MODIFY_DATE = SYSDATE
		WHERE USER_ID = ?  AND STATUS = 'Y'
	</entry>
	
	<entry key="selectMember">
		SELECT *
		FROM MEMBER
		WHERE USER_ID = ? AND STATUS = 'Y'
	</entry>
	
</properties>